,loop,tree
"vlákna: 2, grid: 16",12.92,83.78
"vlákna: 4, grid: 32",429.25,304.15
"vlákna: 8, grid: 64",1176.5166666666667,1217.2666666666667
"vlákna: 16, grid: 128",4703.433333333333,4875.216666666666
"vlákna: 32, grid: 256",18842.7,19658.366666666665
