,loop,tree,poměr loop ku tree
"vlákna: 4, field: 4",91934.2,93481.8,0.9834449058533318
"vlákna: 8, field: 3",10638.0,10850.6,0.9804066134591635
"vlákna: 16, field: 2",1205.7,1239.1,0.9730449519812768
"vlákna: 32, field: 1",144.0,161.7,0.8905380333951763
